Ticket_ID,Customer_Name,Customer_Email,Ticket_Subject,Ticket_Description,Issue_Category,Priority_Level,Ticket_Channel,Submission_Date,Resolution_Time_Hours,Assigned_Agent,Satisfaction_Score,combined_text,email_domain,customer_tier,inferred_severity,Priority_Mismatch,mismatch_type,severity_delta,Priority_Mismatch_Pred,Confidence
TKT-100059,Michael Rodriguez,rachaelfletcher@example.net,Charged twice - Either,"Hi Support, I have been trying to update my payment method but it keeps failing. Until American body past police old probably.",Billing,Medium,Chat,28-10-2025,25,David Kim,3,"Charged twice - Either Hi Support, I have been trying to update my payment method but it keeps failing. Until American body past police old probably.",example.net,Standard,Medium,0,,0,0,0.0777323
TKT-100088,Courtney Davies,Rhonda.Gonzalez@tech.io,Feature request - Finally,"Hi Support, Where is your headquarters located? Safe stop back plan.",General Inquiry,Medium,Email,21-01-2024,4,Elena Rodriguez,5,"Feature request - Finally Hi Support, Where is your headquarters located? Safe stop back plan.",tech.io,Enterprise,Medium,0,,0,0,0.042974744
TKT-100115,Jason Roman,ryanpeterson@example.com,Feature request - Culture,"Hi Support, I would like to request a demo for my team. East election follow including quality.",General Inquiry,Medium,Email,22-05-2024,120,Chloe Adams,1,"Feature request - Culture Hi Support, I would like to request a demo for my team. East election follow including quality.",example.com,Standard,Medium,0,,0,0,0.06695055
TKT-100119,Jennifer Brock,antonio02@example.org,Delete account - Gas,"Hi Support, How do I upgrade to the Enterprise plan? Budget card financial around time well degree operation.",Account,Low,Web Form,31-05-2024,36,Elena Rodriguez,1,"Delete account - Gas Hi Support, How do I upgrade to the Enterprise plan? Budget card financial around time well degree operation.",example.org,Standard,Low,0,,0,0,0.18521957
TKT-100127,Jason Cain,nguyensteven@example.com,App crashing - Accept,"Hi Support, My data hasn't synced to the cloud for 24 hours. Friend order reveal eat though coach.",Technical,Medium,Email,02-09-2024,51,Anya Sharma,5,"App crashing - Accept Hi Support, My data hasn't synced to the cloud for 24 hours. Friend order reveal eat though coach.",example.com,Standard,High,0,,0,0,0.16713329
TKT-100139,Brandy Rodriguez,donnamurray@example.com,Delete account - Later,"Hi Support, How do I upgrade to the Enterprise plan? Easy action bed learn concern.",Account,High,Chat,12-09-2025,38,Chloe Adams,4,"Delete account - Later Hi Support, How do I upgrade to the Enterprise plan? Easy action bed learn concern.",example.com,Standard,Low,1,False Alarm,-2,0,0.22459477
TKT-100180,Cody Martinez,sarahjenkins@example.net,API Error 500 - Stage,"Hi Support, How do I install the latest patch on Windows 11? Strategy bill clearly.",Technical,High,Chat,23-08-2025,7,Ben Carter,3,"API Error 500 - Stage Hi Support, How do I install the latest patch on Windows 11? Strategy bill clearly.",example.net,Standard,Medium,0,,0,0,0.0891333
TKT-100200,Sarah Stout MD,Jasmine.Smith@enterprise.org,Charged twice - Degree,"Hi Support, Can you send me the invoice for transaction #99283? Foreign cover imagine to science civil edge.",Billing,Low,Email,25-11-2025,31,Elena Rodriguez,5,"Charged twice - Degree Hi Support, Can you send me the invoice for transaction #99283? Foreign cover imagine to science civil edge.",enterprise.org,Enterprise,Medium,1,Hidden Crisis,1,1,0.9583515
TKT-100210,Edward Hickman,melindasmall@example.net,Product question - Option,"Hi Support, How does the team pricing tier work? Protect find phone.",General Inquiry,Low,Web Form,15-12-2024,31,David Kim,4,"Product question - Option Hi Support, How does the team pricing tier work? Protect find phone.",example.net,Standard,Medium,0,,0,0,0.08690528
TKT-100218,Alan Butler,vsnow@example.net,Demo request - Threat,"Hi Support, Where is your headquarters located? Figure she general.",General Inquiry,Low,Chat,24-07-2024,46,Anya Sharma,4,"Demo request - Threat Hi Support, Where is your headquarters located? Figure she general.",example.net,Standard,Medium,0,,0,0,0.10488151
TKT-100221,Christopher Wilson,randyscott@example.net,Screen freezes - Still,"Hi Support, We are receiving a 500 Internal Server Error on the API endpoint. International would any visit develop.",Technical,High,Web Form,14-01-2025,3,Ben Carter,2,"Screen freezes - Still Hi Support, We are receiving a 500 Internal Server Error on the API endpoint. International would any visit develop.",example.net,Standard,Medium,0,,0,0,0.043016687
TKT-100247,Paula Hatfield,garciakimberly@example.org,Unrecognized login - Word,"Hi Support, I think my account has been compromised. Live computer decade us pretty price.",Fraud,Critical,Chat,15-10-2024,5,Elena Rodriguez,4,"Unrecognized login - Word Hi Support, I think my account has been compromised. Live computer decade us pretty price.",example.org,Standard,Medium,1,False Alarm,-2,1,0.96706575
TKT-100251,Jeanette Lane,Keith.Reyes@company.com,Change email - Pretty,"Hi Support, I lost my phone and cannot pass the 2FA check. Occur control hit assume.",Account,Medium,Chat,08-10-2025,1,Ben Carter,1,"Change email - Pretty Hi Support, I lost my phone and cannot pass the 2FA check. Occur control hit assume.",company.com,Enterprise,Medium,0,,0,0,0.10664148
TKT-100313,Sheri Roberts,amyfoster@example.org,Payment failed - Evidence,"Hi Support, Can you send me the invoice for transaction #99283? Music military open.",Billing,High,Email,04-11-2024,23,David Kim,2,"Payment failed - Evidence Hi Support, Can you send me the invoice for transaction #99283? Music military open.",example.org,Standard,High,0,,0,0,0.25352982
TKT-100322,Jeremy Moore,Jessica.Diaz@company.com,Unrecognized login - Southern,"Hi Support, I received a suspicious email claiming to be support. Into home in ten series memory audience.",Fraud,High,Chat,14-09-2025,6,Elena Rodriguez,2,"Unrecognized login - Southern Hi Support, I received a suspicious email claiming to be support. Into home in ten series memory audience.",company.com,Enterprise,Medium,1,False Alarm,-1,0,0.6907476
TKT-100326,Amanda Hurst,larsonlarry@example.net,Profile update - Despite,"Hi Support, I want to permanently delete my account and data. Cell suddenly reason threat hit focus necessary.",Account,Medium,Chat,27-06-2024,23,Chloe Adams,4,"Profile update - Despite Hi Support, I want to permanently delete my account and data. Cell suddenly reason threat hit focus necessary.",example.net,Standard,Medium,0,,0,0,0.15402316
TKT-100341,Miss Rebecca Johnson,greglawson@example.net,App crashing - Deal,"Hi Support, How do I install the latest patch on Windows 11? Capital film along before sing.",Technical,High,Email,14-09-2025,20,Anya Sharma,4,"App crashing - Deal Hi Support, How do I install the latest patch on Windows 11? Capital film along before sing.",example.net,Standard,High,0,,0,0,0.082546376
TKT-100351,Chad Williams,combsmelissa@example.net,Data not syncing - Range,"Hi Support, How do I install the latest patch on Windows 11? Effect coach yeah.",Technical,High,Email,16-01-2025,1,Anya Sharma,5,"Data not syncing - Range Hi Support, How do I install the latest patch on Windows 11? Effect coach yeah.",example.net,Standard,Medium,0,,0,0,0.033987086
TKT-100385,Ashlee Johnson,Natalie.Lam@company.com,App crashing - Nor,"Hi Support, We are receiving a 500 Internal Server Error on the API endpoint. Four seat sort job.",Technical,High,Web Form,12-09-2025,22,Elena Rodriguez,4,"App crashing - Nor Hi Support, We are receiving a 500 Internal Server Error on the API endpoint. Four seat sort job.",company.com,Enterprise,High,0,,0,0,0.11590096
TKT-100409,Sara Walton,Miguel.Williams@tech.io,API Error 500 - Religious,"Hi Support, The application crashes every time I open the settings tab. Child exist go three could.",Technical,High,Email,28-04-2024,22,Ben Carter,5,"API Error 500 - Religious Hi Support, The application crashes every time I open the settings tab. Child exist go three could.",tech.io,Enterprise,High,0,,0,0,0.1759661
TKT-100424,Christian Blevins,gwood@example.com,Office location - Enjoy,"Hi Support, How does the team pricing tier work? Yourself even green blood.",General Inquiry,Low,Web Form,03-10-2024,120,David Kim,4,"Office location - Enjoy Hi Support, How does the team pricing tier work? Yourself even green blood.",example.com,Standard,Medium,0,,0,0,0.06136183
TKT-100438,Ronald Wiggins,xcosta@example.com,Subscription upgrade - That,"Hi Support, I lost my phone and cannot pass the 2FA check. Recent military direction protect.",Account,Medium,Email,12-05-2025,54,David Kim,3,"Subscription upgrade - That Hi Support, I lost my phone and cannot pass the 2FA check. Recent military direction protect.",example.com,Standard,Medium,0,,0,0,0.1414103
TKT-100447,Steven Mclean,Kristi.Perkins@company.com,Installation issue - Into,"Hi Support, The dashboard is not loading any data, just a spinning wheel. Collection world program gun admit available not.",Technical,High,Web Form,30-10-2024,39,Anya Sharma,2,"Installation issue - Into Hi Support, The dashboard is not loading any data, just a spinning wheel. Collection world program gun admit available not.",company.com,Enterprise,Medium,0,,0,0,0.06347536
TKT-100451,Brandon Fuentes,lopezjoseph@example.net,Data not syncing - Instead,"Hi Support, How do I install the latest patch on Windows 11? Issue almost national control power present.",Technical,Low,Chat,18-11-2024,70,David Kim,4,"Data not syncing - Instead Hi Support, How do I install the latest patch on Windows 11? Issue almost national control power present.",example.net,Standard,High,1,Hidden Crisis,2,1,0.97155964
TKT-100466,Mark Bartlett,yhorton@example.org,Screen freezes - Past,"Hi Support, My data hasn't synced to the cloud for 24 hours. Head rather believe shoulder.",Technical,Critical,Email,19-02-2025,16,Ben Carter,1,"Screen freezes - Past Hi Support, My data hasn't synced to the cloud for 24 hours. Head rather believe shoulder.",example.org,Standard,Medium,1,False Alarm,-2,1,0.7413558
TKT-100474,Frank Ware,Aaron.Sheppard@tech.io,Update credit card - Enjoy,"Hi Support, I requested a refund 5 days ago, where is it? Son certainly charge television job commercial.",Billing,Medium,Chat,03-07-2024,120,Elena Rodriguez,1,"Update credit card - Enjoy Hi Support, I requested a refund 5 days ago, where is it? Son certainly charge television job commercial.",tech.io,Enterprise,High,0,,0,0,0.12459281
TKT-100484,Corey Williams IV,hernandezjustin@example.net,Office location - Over,"Hi Support, I would like to request a demo for my team. Plant year project moment industry front skill.",General Inquiry,High,Email,10-11-2024,11,David Kim,4,"Office location - Over Hi Support, I would like to request a demo for my team. Plant year project moment industry front skill.",example.net,Standard,Medium,0,,0,0,0.049080513
TKT-100499,Timothy Cooke,tinalee@example.com,Profile update - Particular,"Hi Support, I am not receiving the password reset email. Culture west space hundred.",Account,Medium,Web Form,25-06-2024,23,David Kim,5,"Profile update - Particular Hi Support, I am not receiving the password reset email. Culture west space hundred.",example.com,Standard,Medium,0,,0,0,0.1513877
TKT-100503,Adam Pitts,echavez@example.com,Charged twice - Admit,"Hi Support, Why is my bill higher than the agreed amount? Whom could green hundred ever both then.",Billing,Medium,Chat,31-05-2024,16,Ben Carter,3,"Charged twice - Admit Hi Support, Why is my bill higher than the agreed amount? Whom could green hundred ever both then.",example.com,Standard,Medium,0,,0,0,0.01841144
TKT-100606,Melissa Cordova,Shelby.Campos@enterprise.org,API Error 500 - Good,"Hi Support, How do I install the latest patch on Windows 11? Environment past newspaper beat through manage when.",Technical,Low,Web Form,23-11-2024,40,Ben Carter,4,"API Error 500 - Good Hi Support, How do I install the latest patch on Windows 11? Environment past newspaper beat through manage when.",enterprise.org,Enterprise,High,1,Hidden Crisis,2,1,0.96637094
TKT-100695,Heather Malone,christian77@example.org,Product question - View,"Hi Support, I would like to request a demo for my team. Camera tell third operation born different.",General Inquiry,Low,Web Form,13-09-2024,24,Elena Rodriguez,3,"Product question - View Hi Support, I would like to request a demo for my team. Camera tell third operation born different.",example.org,Standard,Medium,0,,0,0,0.14275974
TKT-100718,Andrea Conley,kelleyrachel@example.org,Hours of operation - Lawyer,"Hi Support, Where is your headquarters located? Relationship cup technology allow.",General Inquiry,Low,Email,11-07-2025,30,David Kim,5,"Hours of operation - Lawyer Hi Support, Where is your headquarters located? Relationship cup technology allow.",example.org,Standard,Medium,0,,0,0,0.08462097
TKT-100738,Melvin Hayes,George.Weiss@enterprise.org,Profile update - Relate,"Hi Support, My profile picture is not updating. Beat grow power.",Account,Low,Web Form,04-02-2024,47,Chloe Adams,4,"Profile update - Relate Hi Support, My profile picture is not updating. Beat grow power.",enterprise.org,Enterprise,Medium,0,,0,0,0.09158407
TKT-100803,Kevin Williamson,michele50@example.org,Update credit card - Front,"Hi Support, I have been trying to update my payment method but it keeps failing. Meeting land discussion follow enter up rock.",Billing,High,Email,21-09-2024,35,Elena Rodriguez,2,"Update credit card - Front Hi Support, I have been trying to update my payment method but it keeps failing. Meeting land discussion follow enter up rock.",example.org,Standard,Medium,0,,0,0,0.05817388
TKT-100812,Sherri Scott,felicia66@example.net,Change email - She,"Hi Support, I want to permanently delete my account and data. Across road situation economy data.",Account,Low,Chat,20-05-2024,96,Anya Sharma,4,"Change email - She Hi Support, I want to permanently delete my account and data. Across road situation economy data.",example.net,Standard,Medium,0,,0,0,0.10008806
TKT-100828,Thomas Jones,moniquegibson@example.com,App crashing - Six,"Hi Support, We are receiving a 500 Internal Server Error on the API endpoint. Figure outside picture parent film.",Technical,Critical,Chat,09-06-2025,11,Anya Sharma,5,"App crashing - Six Hi Support, We are receiving a 500 Internal Server Error on the API endpoint. Figure outside picture parent film.",example.com,Standard,High,0,,0,1,0.7406824
TKT-100856,Jonathan Hayes,frederickmitchell@example.net,Refund status - Want,"Hi Support, My subscription renewed automatically, but I wanted to cancel. Whose still reality edge.",Billing,Low,Web Form,03-07-2025,2,Ben Carter,5,"Refund status - Want Hi Support, My subscription renewed automatically, but I wanted to cancel. Whose still reality edge.",example.net,Standard,Medium,1,Hidden Crisis,1,1,0.83881754
TKT-100878,Jeremy Proctor,Christopher.Martin@enterprise.org,Invoice discrepancy - Mind,"Hi Support, I noticed a double charge on my statement for last month. Whole moment college develop discover culture how.",Billing,Low,Chat,04-11-2024,84,Anya Sharma,1,"Invoice discrepancy - Mind Hi Support, I noticed a double charge on my statement for last month. Whole moment college develop discover culture how.",enterprise.org,Enterprise,High,1,Hidden Crisis,2,1,0.90955466
TKT-100928,Jesse Williamson,smithjohn@example.net,Update credit card - Throughout,"Hi Support, Why is my bill higher than the agreed amount? Reason apply better sing.",Billing,Medium,Chat,30-01-2024,37,Anya Sharma,1,"Update credit card - Throughout Hi Support, Why is my bill higher than the agreed amount? Reason apply better sing.",example.net,Standard,Medium,0,,0,0,0.015635816
TKT-100936,Randy Quinn,sporter@example.com,Pricing tiers - Sell,"Hi Support, Do you offer a discount for non-profits? Could million national.",General Inquiry,Medium,Web Form,23-03-2024,69,Chloe Adams,4,"Pricing tiers - Sell Hi Support, Do you offer a discount for non-profits? Could million national.",example.com,Standard,Medium,0,,0,0,0.025548546
TKT-100960,Tiffany Rivera,samanthaforbes@example.org,Charged twice - Go,"Hi Support, Can you send me the invoice for transaction #99283? Participant unit century federal people bar finish.",Billing,Low,Chat,24-10-2024,120,Ben Carter,2,"Charged twice - Go Hi Support, Can you send me the invoice for transaction #99283? Participant unit century federal people bar finish.",example.org,Standard,High,1,Hidden Crisis,2,1,0.96097076
TKT-100971,Michelle Hubbard,colleenpowers@example.org,Subscription upgrade - Practice,"Hi Support, I want to permanently delete my account and data. Lead most material budget worry lead political.",Account,Low,Email,05-10-2025,21,Chloe Adams,5,"Subscription upgrade - Practice Hi Support, I want to permanently delete my account and data. Lead most material budget worry lead political.",example.org,Standard,Medium,0,,0,0,0.13234814
TKT-100980,Michael Ball,gregory14@example.com,Payment failed - Pass,"Hi Support, I noticed a double charge on my statement for last month. Service eye will effort part consumer possible.",Billing,Medium,Web Form,27-02-2024,115,Elena Rodriguez,5,"Payment failed - Pass Hi Support, I noticed a double charge on my statement for last month. Service eye will effort part consumer possible.",example.com,Standard,High,1,Hidden Crisis,1,0,0.45101434
TKT-100993,William Austin,pmarshall@example.org,Invoice discrepancy - See,"Hi Support, My subscription renewed automatically, but I wanted to cancel. Certainly the ask maybe whom money.",Billing,Medium,Email,07-12-2024,63,David Kim,5,"Invoice discrepancy - See Hi Support, My subscription renewed automatically, but I wanted to cancel. Certainly the ask maybe whom money.",example.org,Standard,High,0,,0,0,0.027685689
TKT-101006,Susan Reid,watsonjorge@example.com,Screen freezes - Evening,"Hi Support, The application crashes every time I open the settings tab. Street open necessary gas marriage available tough.",Technical,Low,Email,07-04-2024,48,Anya Sharma,3,"Screen freezes - Evening Hi Support, The application crashes every time I open the settings tab. Street open necessary gas marriage available tough.",example.com,Standard,High,1,Hidden Crisis,2,1,0.9848358
TKT-101027,Jason Ortega,glennyolanda@example.org,Suspicious charge - Mean,"Hi Support, I noticed a double charge on my statement for last month. Good arm push your government.",Billing,Low,Web Form,15-01-2024,32,Chloe Adams,2,"Suspicious charge - Mean Hi Support, I noticed a double charge on my statement for last month. Good arm push your government.",example.org,Standard,Medium,1,Hidden Crisis,1,1,0.9116576
TKT-101034,Melissa Lewis,Jeffrey.Martinez@tech.io,Pricing tiers - Course,"Hi Support, Is there a roadmap for new features this year? Low arrive group stop.",General Inquiry,Low,Web Form,26-06-2025,33,David Kim,1,"Pricing tiers - Course Hi Support, Is there a roadmap for new features this year? Low arrive group stop.",tech.io,Enterprise,Medium,0,,0,0,0.032656364
TKT-101052,Alicia Rodriguez,tpittman@example.org,Installation issue - Record,"Hi Support, I cannot log into my account even after resetting the password. Do against along friend yeah economic realize.",Technical,Medium,Chat,09-10-2025,63,Anya Sharma,5,"Installation issue - Record Hi Support, I cannot log into my account even after resetting the password. Do against along friend yeah economic realize.",example.org,Standard,Medium,0,,0,0,0.18039842
TKT-101077,Oscar Ramirez,powellangela@example.com,Login failed - Part,"Hi Support, I cannot log into my account even after resetting the password. Author machine off agency wonder.",Technical,Medium,Email,27-03-2024,6,David Kim,5,"Login failed - Part Hi Support, I cannot log into my account even after resetting the password. Author machine off agency wonder.",example.com,Standard,Medium,0,,0,0,0.0688464
TKT-101084,Jacqueline Coleman,ismith@example.org,Phishing attempt - Successful,"Hi Support, Why is there a new device added to my trusted list? Choose situation onto key area country bag.",Fraud,Critical,Chat,13-03-2024,34,Chloe Adams,3,"Phishing attempt - Successful Hi Support, Why is there a new device added to my trusted list? Choose situation onto key area country bag.",example.org,Standard,Medium,1,False Alarm,-2,1,0.9911493
TKT-101087,Noah Thomas,lori83@example.net,Feature request - Art,"Hi Support, How does the team pricing tier work? Sell audience and really stage college open.",General Inquiry,Low,Chat,10-05-2025,15,Ben Carter,5,"Feature request - Art Hi Support, How does the team pricing tier work? Sell audience and really stage college open.",example.net,Standard,Medium,0,,0,0,0.17248088
TKT-101092,Justin Krause,jonathan67@example.net,Product question - Tree,"Hi Support, I would like to request a demo for my team. Case guy street big.",General Inquiry,Low,Chat,05-12-2025,39,David Kim,5,"Product question - Tree Hi Support, I would like to request a demo for my team. Case guy street big.",example.net,Standard,Medium,0,,0,0,0.09350958
TKT-101114,Calvin Bryan,rroman@example.org,Payment failed - Them,"Hi Support, I requested a refund 5 days ago, where is it? Herself near believe soldier kitchen tree inside.",Billing,Low,Email,01-08-2024,16,David Kim,1,"Payment failed - Them Hi Support, I requested a refund 5 days ago, where is it? Herself near believe soldier kitchen tree inside.",example.org,Standard,High,1,Hidden Crisis,2,1,0.9948201
TKT-101147,Susan Patterson,ariasdaniel@example.com,Pricing tiers - Foreign,"Hi Support, How does the team pricing tier work? Market particularly hair center.",General Inquiry,Medium,Chat,06-01-2024,120,David Kim,2,"Pricing tiers - Foreign Hi Support, How does the team pricing tier work? Market particularly hair center.",example.com,Standard,Medium,0,,0,0,0.029093735
TKT-101182,Crystal Smith,Ashley.Stone@tech.io,Screen freezes - Available,"Hi Support, We are receiving a 500 Internal Server Error on the API endpoint. Well population officer investment serious.",Technical,Low,Chat,28-07-2024,26,Elena Rodriguez,5,"Screen freezes - Available Hi Support, We are receiving a 500 Internal Server Error on the API endpoint. Well population officer investment serious.",tech.io,Enterprise,Medium,1,Hidden Crisis,1,1,0.9331309
TKT-101202,David Jones,goodwinsara@example.com,App crashing - Finish,"Hi Support, I cannot log into my account even after resetting the password. Top president during loss might high notice.",Technical,Critical,Email,28-07-2025,5,David Kim,4,"App crashing - Finish Hi Support, I cannot log into my account even after resetting the password. Top president during loss might high notice.",example.com,Standard,High,0,,0,0,0.66612774
TKT-101272,Jorge Harris,Alexandra.Preston@tech.io,Pricing tiers - Marriage,"Hi Support, I would like to request a demo for my team. Language know stock main evening owner include.",General Inquiry,Medium,Web Form,17-09-2024,30,Chloe Adams,5,"Pricing tiers - Marriage Hi Support, I would like to request a demo for my team. Language know stock main evening owner include.",tech.io,Enterprise,Medium,0,,0,0,0.027159123
TKT-101282,Gabriel Riggs,nelsonrebecca@example.org,Unrecognized login - Short,"Hi Support, I received a login alert from a device in Russia, which wasn't me. Number meeting book.",Fraud,Critical,Web Form,25-07-2024,4,Chloe Adams,2,"Unrecognized login - Short Hi Support, I received a login alert from a device in Russia, which wasn't me. Number meeting book.",example.org,Standard,Medium,1,False Alarm,-2,1,0.9181775
TKT-101290,Leonard Key,bthomas@example.org,Delete account - Police,"Hi Support, I want to permanently delete my account and data. List least risk order.",Account,High,Chat,21-09-2025,59,Elena Rodriguez,5,"Delete account - Police Hi Support, I want to permanently delete my account and data. List least risk order.",example.org,Standard,Medium,0,,0,0,0.1538648
TKT-101297,Daniel Fisher,yball@example.org,2FA issues - Material,"Hi Support, Please help me change the email address associated with my account. Agree final use still worry itself.",Account,Medium,Web Form,11-08-2024,10,Anya Sharma,3,"2FA issues - Material Hi Support, Please help me change the email address associated with my account. Agree final use still worry itself.",example.org,Standard,Low,0,,0,0,0.08608547
TKT-101337,Stacy Holmes,brianalogan@example.net,Office location - Image,"Hi Support, What are your support operating hours? Peace point amount probably participant street use agent.",General Inquiry,Low,Email,21-03-2025,120,Chloe Adams,4,"Office location - Image Hi Support, What are your support operating hours? Peace point amount probably participant street use agent.",example.net,Standard,Medium,0,,0,0,0.054549947
TKT-101346,Carol Hays,sharonwright@example.net,Invoice discrepancy - Include,"Hi Support, I requested a refund 5 days ago, where is it? Little myself happy.",Billing,Medium,Email,12-11-2024,120,Ben Carter,3,"Invoice discrepancy - Include Hi Support, I requested a refund 5 days ago, where is it? Little myself happy.",example.net,Standard,High,0,,0,0,0.09275943
TKT-101350,Robin Blackburn,rebeccabarker@example.com,Installation issue - Voice,"Hi Support, The dashboard is not loading any data, just a spinning wheel. Activity road glass explain product must five conference.",Technical,Medium,Web Form,16-04-2024,42,Chloe Adams,3,"Installation issue - Voice Hi Support, The dashboard is not loading any data, just a spinning wheel. Activity road glass explain product must five conference.",example.com,Standard,Medium,0,,0,0,0.054214094
TKT-101402,Sabrina Ruiz,michelle00@example.com,Hours of operation - Reduce,"Hi Support, How does the team pricing tier work? Education stock accept though lawyer take case ok.",General Inquiry,Low,Email,05-09-2025,24,Elena Rodriguez,5,"Hours of operation - Reduce Hi Support, How does the team pricing tier work? Education stock accept though lawyer take case ok.",example.com,Standard,Medium,0,,0,0,0.116315715
TKT-101419,Mark Page,Kurt.Williams@tech.io,Invoice discrepancy - Enough,"Hi Support, Can you send me the invoice for transaction #99283? Them all seem next hotel boy.",Billing,Medium,Web Form,02-05-2025,13,Ben Carter,4,"Invoice discrepancy - Enough Hi Support, Can you send me the invoice for transaction #99283? Them all seem next hotel boy.",tech.io,Enterprise,Medium,0,,0,0,0.012030503
TKT-101453,Tony Guerra,williamsshelby@example.com,Payment failed - Scientist,"Hi Support, Why is my bill higher than the agreed amount? Never just brother star organization evidence term alone.",Billing,Low,Chat,11-05-2025,41,Ben Carter,3,"Payment failed - Scientist Hi Support, Why is my bill higher than the agreed amount? Never just brother star organization evidence term alone.",example.com,Standard,High,1,Hidden Crisis,2,1,0.9779447
TKT-101456,Diana Smith,munozchristine@example.org,Pricing tiers - Piece,"Hi Support, Is there a roadmap for new features this year? Establish knowledge method everyone.",General Inquiry,Low,Web Form,16-07-2025,33,Elena Rodriguez,4,"Pricing tiers - Piece Hi Support, Is there a roadmap for new features this year? Establish knowledge method everyone.",example.org,Standard,Medium,0,,0,0,0.038551714
TKT-101493,Frederick Hayes,dominguezrandy@example.net,Subscription upgrade - Political,"Hi Support, I want to permanently delete my account and data. Be live morning buy.",Account,Low,Web Form,04-02-2025,43,Elena Rodriguez,5,"Subscription upgrade - Political Hi Support, I want to permanently delete my account and data. Be live morning buy.",example.net,Standard,Medium,0,,0,0,0.130798
TKT-101512,Brenda Hobbs,meganwilliams@example.org,Screen freezes - Represent,"Hi Support, The dashboard is not loading any data, just a spinning wheel. Any response power war read.",Technical,Medium,Email,14-03-2025,19,Elena Rodriguez,5,"Screen freezes - Represent Hi Support, The dashboard is not loading any data, just a spinning wheel. Any response power war read.",example.org,Standard,Medium,0,,0,0,0.047105897
TKT-101522,Kelsey Garcia,Anthony.Lewis@enterprise.org,Office location - Week,"Hi Support, Is there a roadmap for new features this year? Player statement surface Democrat full.",General Inquiry,Low,Web Form,22-09-2025,10,Elena Rodriguez,4,"Office location - Week Hi Support, Is there a roadmap for new features this year? Player statement surface Democrat full.",enterprise.org,Enterprise,Medium,0,,0,0,0.05365847
TKT-101530,Micheal Carpenter,dunlapjeremy@example.net,Alert notification - Me,"Hi Support, I think my account has been compromised. Nothing education get particular.",Fraud,Critical,Email,17-11-2024,1,Chloe Adams,4,"Alert notification - Me Hi Support, I think my account has been compromised. Nothing education get particular.",example.net,Standard,Medium,1,False Alarm,-2,1,0.93592566
TKT-101534,Angela Barber,hillanthony@example.net,Screen freezes - Suffer,"Hi Support, I cannot log into my account even after resetting the password. Born increase performance see opportunity rich if.",Technical,High,Chat,24-03-2025,6,Ben Carter,4,"Screen freezes - Suffer Hi Support, I cannot log into my account even after resetting the password. Born increase performance see opportunity rich if.",example.net,Standard,Medium,0,,0,0,0.11089212
TKT-101580,Krystal May,keith93@example.org,Profile update - Actually,"Hi Support, I lost my phone and cannot pass the 2FA check. Accept next argue.",Account,Low,Email,24-09-2025,38,David Kim,4,"Profile update - Actually Hi Support, I lost my phone and cannot pass the 2FA check. Accept next argue.",example.org,Standard,Medium,0,,0,0,0.18816683
TKT-101599,Katrina Washington,marygibson@example.org,Login failed - Support,"Hi Support, My data hasn't synced to the cloud for 24 hours. Management business audience sell light democratic.",Technical,Medium,Web Form,09-07-2024,7,Chloe Adams,1,"Login failed - Support Hi Support, My data hasn't synced to the cloud for 24 hours. Management business audience sell light democratic.",example.org,Standard,Medium,0,,0,0,0.04315584
TKT-101604,Robert Dorsey,dylan77@example.com,Delete account - Cultural,"Hi Support, I lost my phone and cannot pass the 2FA check. Able people worry growth miss.",Account,Low,Email,12-07-2024,6,Chloe Adams,5,"Delete account - Cultural Hi Support, I lost my phone and cannot pass the 2FA check. Able people worry growth miss.",example.com,Standard,Low,0,,0,0,0.16798182
TKT-101606,Margaret Cooper,jeremy33@example.net,Update credit card - Believe,"Hi Support, Why is my bill higher than the agreed amount? Sure serious individual carry two they whose identify.",Billing,Medium,Email,28-06-2025,89,Ben Carter,1,"Update credit card - Believe Hi Support, Why is my bill higher than the agreed amount? Sure serious individual carry two they whose identify.",example.net,Standard,High,0,,0,0,0.026522264
TKT-101692,Brett Kim,Patricia.Gonzalez@enterprise.org,Office location - Base,"Hi Support, I would like to request a demo for my team. Fact success point say.",General Inquiry,Low,Email,24-11-2024,120,Chloe Adams,5,"Office location - Base Hi Support, I would like to request a demo for my team. Fact success point say.",enterprise.org,Enterprise,Medium,0,,0,0,0.056341313
TKT-101710,Christopher Elliott,robertolewis@example.net,Delete account - Executive,"Hi Support, I want to permanently delete my account and data. Process one media than lot nor.",Account,Medium,Email,08-12-2024,120,Chloe Adams,4,"Delete account - Executive Hi Support, I want to permanently delete my account and data. Process one media than lot nor.",example.net,Standard,Medium,0,,0,0,0.122358724
TKT-101729,Brendan Byrd,ashley71@example.net,Delete account - Walk,"Hi Support, Please help me change the email address associated with my account. Though turn understand time tell talk old.",Account,Medium,Chat,04-08-2025,25,David Kim,2,"Delete account - Walk Hi Support, Please help me change the email address associated with my account. Though turn understand time tell talk old.",example.net,Standard,Medium,0,,0,0,0.122282945
TKT-101730,Albert Walker,alvarezderek@example.org,Installation issue - Set,"Hi Support, I cannot log into my account even after resetting the password. Since certain its cover might deal serve.",Technical,Medium,Email,14-02-2024,19,Ben Carter,3,"Installation issue - Set Hi Support, I cannot log into my account even after resetting the password. Since certain its cover might deal serve.",example.org,Standard,Medium,0,,0,0,0.15416291
TKT-101739,Kathryn Gray,mcleanchristopher@example.org,Subscription upgrade - Soldier,"Hi Support, Please help me change the email address associated with my account. Rise thank national nor test.",Account,High,Web Form,06-07-2024,1,Anya Sharma,1,"Subscription upgrade - Soldier Hi Support, Please help me change the email address associated with my account. Rise thank national nor test.",example.org,Standard,Medium,1,False Alarm,-1,0,0.15992759
TKT-101747,Barbara Anderson MD,Michael.Foster@tech.io,Product question - Apply,"Hi Support, How does the team pricing tier work? Either ground change various.",General Inquiry,High,Email,21-09-2024,24,Anya Sharma,4,"Product question - Apply Hi Support, How does the team pricing tier work? Either ground change various.",tech.io,Enterprise,Medium,1,False Alarm,-1,0,0.062420357
TKT-101805,Jeffrey Mcdaniel,Jessica.Johnson@enterprise.org,App crashing - Us,"Hi Support, The application crashes every time I open the settings tab. Important according accept street relationship couple talk time.",Technical,Critical,Web Form,19-11-2024,7,David Kim,4,"App crashing - Us Hi Support, The application crashes every time I open the settings tab. Important according accept street relationship couple talk time.",enterprise.org,Enterprise,High,0,,0,1,0.7171181
TKT-101815,Karina Schaefer,kroberts@example.org,Product question - See,"Hi Support, What are your support operating hours? Close that prepare risk hospital voice add.",General Inquiry,Low,Web Form,30-10-2024,60,David Kim,4,"Product question - See Hi Support, What are your support operating hours? Close that prepare risk hospital voice add.",example.org,Standard,Medium,0,,0,0,0.09330074
TKT-101905,Jared Henderson,william43@example.org,Product question - Heart,"Hi Support, How does the team pricing tier work? Discussion skin community similar feel mention contain.",General Inquiry,Low,Web Form,09-08-2025,96,David Kim,4,"Product question - Heart Hi Support, How does the team pricing tier work? Discussion skin community similar feel mention contain.",example.org,Standard,Medium,0,,0,0,0.08264978
TKT-101911,Sherry Lopez,foxjennifer@example.org,Profile update - Walk,"Hi Support, I lost my phone and cannot pass the 2FA check. Station tonight exactly several close change senior.",Account,Low,Email,27-07-2025,15,Anya Sharma,5,"Profile update - Walk Hi Support, I lost my phone and cannot pass the 2FA check. Station tonight exactly several close change senior.",example.org,Standard,Low,0,,0,0,0.16373578
TKT-101962,Ryan Levine,Keith.Martinez@tech.io,Password reset - Town,"Hi Support, Please help me change the email address associated with my account. Health walk collection major.",Account,Medium,Web Form,19-11-2025,24,Elena Rodriguez,5,"Password reset - Town Hi Support, Please help me change the email address associated with my account. Health walk collection major.",tech.io,Enterprise,Medium,0,,0,0,0.1516536
TKT-101968,Mark Peterson,Paul.Larson@company.com,Installation issue - Travel,"Hi Support, The dashboard is not loading any data, just a spinning wheel. Why rest side line similar among.",Technical,High,Email,23-03-2024,5,David Kim,1,"Installation issue - Travel Hi Support, The dashboard is not loading any data, just a spinning wheel. Why rest side line similar among.",company.com,Enterprise,Medium,0,,0,0,0.039217766
TKT-101994,Beth Rose,olsonmiranda@example.org,Payment failed - Left,"Hi Support, My subscription renewed automatically, but I wanted to cancel. Support hour high community base.",Billing,Low,Web Form,23-11-2024,120,Ben Carter,4,"Payment failed - Left Hi Support, My subscription renewed automatically, but I wanted to cancel. Support hour high community base.",example.org,Standard,High,1,Hidden Crisis,2,1,0.9954035
TKT-102008,Paul Johnson,Andrea.Armstrong@company.com,Office location - Season,"Hi Support, Is there a roadmap for new features this year? Need white pressure determine head throw despite something.",General Inquiry,High,Email,18-03-2025,6,Anya Sharma,4,"Office location - Season Hi Support, Is there a roadmap for new features this year? Need white pressure determine head throw despite something.",company.com,Enterprise,Medium,0,,0,0,0.041689634
TKT-102041,Hannah Davis,elizabethbrown@example.org,API Error 500 - Style,"Hi Support, We are receiving a 500 Internal Server Error on the API endpoint. Media say eye democratic ability draw.",Technical,Low,Email,03-05-2024,11,Chloe Adams,4,"API Error 500 - Style Hi Support, We are receiving a 500 Internal Server Error on the API endpoint. Media say eye democratic ability draw.",example.org,Standard,High,1,Hidden Crisis,2,1,0.9493225
TKT-102085,Ricardo Lozano,seancooper@example.com,Password reset - Much,"Hi Support, My profile picture is not updating. Lawyer position want foreign statement music simply I.",Account,Low,Chat,17-08-2025,80,Ben Carter,4,"Password reset - Much Hi Support, My profile picture is not updating. Lawyer position want foreign statement music simply I.",example.com,Standard,Medium,0,,0,0,0.09267701
TKT-102090,Alicia Mason,megan12@example.org,Profile update - Training,"Hi Support, I lost my phone and cannot pass the 2FA check. Our might here explain would between event.",Account,Medium,Email,13-05-2025,15,Chloe Adams,3,"Profile update - Training Hi Support, I lost my phone and cannot pass the 2FA check. Our might here explain would between event.",example.org,Standard,Low,0,,0,0,0.1628929
TKT-102112,Johnathan Soto,thomas24@example.net,Payment failed - Young,"Hi Support, I noticed a double charge on my statement for last month. Star hospital American through take series.",Billing,Low,Web Form,09-10-2025,31,Ben Carter,1,"Payment failed - Young Hi Support, I noticed a double charge on my statement for last month. Star hospital American through take series.",example.net,Standard,High,1,Hidden Crisis,2,1,0.99274254
TKT-102119,Allen Neal,vhall@example.org,Login failed - Difference,"Hi Support, How do I install the latest patch on Windows 11? Nothing measure town guess our force keep notice.",Technical,Low,Web Form,22-01-2024,3,Elena Rodriguez,5,"Login failed - Difference Hi Support, How do I install the latest patch on Windows 11? Nothing measure town guess our force keep notice.",example.org,Standard,High,1,Hidden Crisis,2,1,0.9229538
TKT-102127,James Baker,Todd.Holland@tech.io,Login failed - State,"Hi Support, My data hasn't synced to the cloud for 24 hours. View very positive.",Technical,Low,Email,20-04-2024,78,Ben Carter,5,"Login failed - State Hi Support, My data hasn't synced to the cloud for 24 hours. View very positive.",tech.io,Enterprise,High,1,Hidden Crisis,2,1,0.97928107
TKT-102129,John Mitchell,Isaiah.Marshall@company.com,Update credit card - Represent,"Hi Support, I noticed a double charge on my statement for last month. Because he bed question consider mind decision.",Billing,Medium,Chat,13-11-2024,9,Anya Sharma,1,"Update credit card - Represent Hi Support, I noticed a double charge on my statement for last month. Because he bed question consider mind decision.",company.com,Enterprise,Medium,0,,0,0,0.017921742
TKT-102174,Donna Bailey,Patricia.Moran@company.com,Suspicious charge - Yeah,"Hi Support, My subscription renewed automatically, but I wanted to cancel. To court option in attack movie.",Billing,Low,Email,12-03-2025,120,Elena Rodriguez,1,"Suspicious charge - Yeah Hi Support, My subscription renewed automatically, but I wanted to cancel. To court option in attack movie.",company.com,Enterprise,High,1,Hidden Crisis,2,1,0.9387482
TKT-102177,Alyssa James,zcook@example.com,Installation issue - Oil,"Hi Support, I cannot log into my account even after resetting the password. Instead close others order.",Technical,High,Email,20-04-2024,35,Elena Rodriguez,2,"Installation issue - Oil Hi Support, I cannot log into my account even after resetting the password. Instead close others order.",example.com,Standard,Medium,0,,0,0,0.15811677
TKT-102195,Christopher Gordon,christymyers@example.org,Pricing tiers - Than,"Hi Support, How does the team pricing tier work? Very general car past idea among.",General Inquiry,Low,Chat,01-01-2025,98,Ben Carter,4,"Pricing tiers - Than Hi Support, How does the team pricing tier work? Very general car past idea among.",example.org,Standard,Medium,0,,0,0,0.046059437
TKT-102207,David Warren,Michelle.Bray@enterprise.org,Suspicious charge - Among,"Hi Support, Can you send me the invoice for transaction #99283? Nearly he world.",Billing,Low,Chat,17-08-2025,59,David Kim,5,"Suspicious charge - Among Hi Support, Can you send me the invoice for transaction #99283? Nearly he world.",enterprise.org,Enterprise,High,1,Hidden Crisis,2,1,0.77572525
TKT-102221,Tiffany Parrish,Luis.Davis@enterprise.org,Login failed - Region,"Hi Support, We are receiving a 500 Internal Server Error on the API endpoint. Campaign table decade and.",Technical,Medium,Web Form,25-05-2025,30,Ben Carter,4,"Login failed - Region Hi Support, We are receiving a 500 Internal Server Error on the API endpoint. Campaign table decade and.",enterprise.org,Enterprise,High,0,,0,0,0.11145477
TKT-102232,Alexandria Gonzalez,lbrooks@example.org,Refund status - Identify,"Hi Support, Why is my bill higher than the agreed amount? When fine technology special seat wish.",Billing,Low,Chat,18-05-2024,120,Chloe Adams,1,"Refund status - Identify Hi Support, Why is my bill higher than the agreed amount? When fine technology special seat wish.",example.org,Standard,High,1,Hidden Crisis,2,1,0.93622345
TKT-102238,Sabrina Haley,obeard@example.org,Demo request - Left,"Hi Support, Is there a roadmap for new features this year? Century south fill something language spend.",General Inquiry,High,Chat,15-10-2024,36,Anya Sharma,4,"Demo request - Left Hi Support, Is there a roadmap for new features this year? Century south fill something language spend.",example.org,Standard,Medium,0,,0,0,0.057615437
TKT-102265,Angie Lopez,samueljohnson@example.org,Charged twice - Wear,"Hi Support, I requested a refund 5 days ago, where is it? Security into fight green image.",Billing,Low,Web Form,01-09-2024,34,Chloe Adams,1,"Charged twice - Wear Hi Support, I requested a refund 5 days ago, where is it? Security into fight green image.",example.org,Standard,High,1,Hidden Crisis,2,1,0.9774969
TKT-102267,Joseph Smith,erinpowers@example.net,Screen freezes - Move,"Hi Support, We are receiving a 500 Internal Server Error on the API endpoint. Identify state much yard trial piece fast car.",Technical,High,Web Form,09-08-2024,20,Elena Rodriguez,4,"Screen freezes - Move Hi Support, We are receiving a 500 Internal Server Error on the API endpoint. Identify state much yard trial piece fast car.",example.net,Standard,Medium,0,,0,0,0.08750134
TKT-102300,April Johnston,wyattperez@example.org,Installation issue - War,"Hi Support, The application crashes every time I open the settings tab. Doctor city network tree practice politics place letter.",Technical,High,Chat,17-08-2024,7,Ben Carter,4,"Installation issue - War Hi Support, The application crashes every time I open the settings tab. Doctor city network tree practice politics place letter.",example.org,Standard,High,0,,0,0,0.12749729
TKT-102319,Megan Patrick,aaron53@example.net,Product question - Stand,"Hi Support, Where is your headquarters located? Race growth scene sea whatever what themselves development.",General Inquiry,Medium,Email,06-06-2024,12,Elena Rodriguez,4,"Product question - Stand Hi Support, Where is your headquarters located? Race growth scene sea whatever what themselves development.",example.net,Standard,Low,0,,0,0,0.055666473
TKT-102325,Tiffany Moses,mbrown@example.org,Demo request - Kind,"Hi Support, What are your support operating hours? Police those stock nor.",General Inquiry,Low,Chat,22-11-2025,45,Anya Sharma,5,"Demo request - Kind Hi Support, What are your support operating hours? Police those stock nor.",example.org,Standard,Medium,0,,0,0,0.09017572
TKT-102346,Darlene Serrano,robertbarker@example.com,Office location - Treatment,"Hi Support, I would like to request a demo for my team. Girl hard wall prevent beyond college plant follow.",General Inquiry,Low,Email,15-11-2025,25,Anya Sharma,5,"Office location - Treatment Hi Support, I would like to request a demo for my team. Girl hard wall prevent beyond college plant follow.",example.com,Standard,Medium,0,,0,0,0.052679703
TKT-102380,Dalton Bean,sharvey@example.net,Profile update - Music,"Hi Support, Please help me change the email address associated with my account. Various any law occur call beat situation model.",Account,Medium,Web Form,20-10-2025,120,Elena Rodriguez,5,"Profile update - Music Hi Support, Please help me change the email address associated with my account. Various any law occur call beat situation model.",example.net,Standard,Medium,0,,0,0,0.124371246
TKT-102393,Mitchell Santana,Christina.Boyle@company.com,Payment failed - Force,"Hi Support, My subscription renewed automatically, but I wanted to cancel. Region admit beautiful issue.",Billing,Low,Chat,08-12-2024,46,Anya Sharma,2,"Payment failed - Force Hi Support, My subscription renewed automatically, but I wanted to cancel. Region admit beautiful issue.",company.com,Enterprise,High,1,Hidden Crisis,2,1,0.9884537
TKT-102420,Stephen Watson,esalazar@example.net,Change email - Guess,"Hi Support, I am not receiving the password reset email. Bring child crime join product.",Account,Low,Web Form,21-11-2024,7,David Kim,4,"Change email - Guess Hi Support, I am not receiving the password reset email. Bring child crime join product.",example.net,Standard,Medium,0,,0,0,0.12015147
TKT-102444,Jason Greene,gabriel80@example.com,Payment failed - Without,"Hi Support, My subscription renewed automatically, but I wanted to cancel. Population now adult learn.",Billing,Medium,Web Form,26-03-2024,80,Ben Carter,3,"Payment failed - Without Hi Support, My subscription renewed automatically, but I wanted to cancel. Population now adult learn.",example.com,Standard,High,1,Hidden Crisis,1,0,0.3273545
TKT-102480,Nicole Berg,david55@example.net,Office location - Travel,"Hi Support, Is there a roadmap for new features this year? Smile after west.",General Inquiry,Low,Email,29-09-2025,41,David Kim,3,"Office location - Travel Hi Support, Is there a roadmap for new features this year? Smile after west.",example.net,Standard,Medium,0,,0,0,0.05560565
TKT-102483,Wendy Fuller,tmathews@example.org,Password reset - Really,"Hi Support, How do I upgrade to the Enterprise plan? Deep resource character dog church.",Account,Medium,Email,08-01-2025,120,Chloe Adams,5,"Password reset - Really Hi Support, How do I upgrade to the Enterprise plan? Deep resource character dog church.",example.org,Standard,Medium,0,,0,0,0.14831334
TKT-102519,David Matthews,yjones@example.org,Pricing tiers - Put,"Hi Support, What are your support operating hours? Return decade rather increase real spring authority my.",General Inquiry,Low,Web Form,23-02-2025,32,Ben Carter,4,"Pricing tiers - Put Hi Support, What are your support operating hours? Return decade rather increase real spring authority my.",example.org,Standard,Medium,0,,0,0,0.041039824
TKT-102545,Jeremy Nunez,Brandon.Ramirez@enterprise.org,Office location - Couple,"Hi Support, Is there a roadmap for new features this year? Win senior action defense hand local.",General Inquiry,Medium,Email,10-08-2025,28,Anya Sharma,5,"Office location - Couple Hi Support, Is there a roadmap for new features this year? Win senior action defense hand local.",enterprise.org,Enterprise,Medium,0,,0,0,0.027400553
TKT-102578,Scott White,ehampton@example.com,Suspicious charge - Really,"Hi Support, I requested a refund 5 days ago, where is it? Effect light out.",Billing,Medium,Email,04-06-2024,120,Chloe Adams,4,"Suspicious charge - Really Hi Support, I requested a refund 5 days ago, where is it? Effect light out.",example.com,Standard,High,0,,0,0,0.097051695
TKT-102579,Michael Baker,jamesrosario@example.net,Data not syncing - May,"Hi Support, We are receiving a 500 Internal Server Error on the API endpoint. Dark so mean agree dream.",Technical,Medium,Email,01-04-2025,105,Ben Carter,4,"Data not syncing - May Hi Support, We are receiving a 500 Internal Server Error on the API endpoint. Dark so mean agree dream.",example.net,Standard,High,0,,0,0,0.19740637
TKT-102621,Jesus Kaufman,brittney62@example.com,Hours of operation - Himself,"Hi Support, What are your support operating hours? Yourself last information forget.",General Inquiry,Low,Email,27-06-2024,12,Ben Carter,4,"Hours of operation - Himself Hi Support, What are your support operating hours? Yourself last information forget.",example.com,Standard,Medium,0,,0,0,0.07159806
TKT-102626,Christine Green,William.Campbell@tech.io,Product question - Way,"Hi Support, Do you offer a discount for non-profits? Become general call compare court.",General Inquiry,High,Chat,13-03-2025,9,Anya Sharma,3,"Product question - Way Hi Support, Do you offer a discount for non-profits? Become general call compare court.",tech.io,Enterprise,Low,1,False Alarm,-2,0,0.05933114
TKT-102698,Kendra Mullins,Holly.Terry@tech.io,API Error 500 - Unit,"Hi Support, The application crashes every time I open the settings tab. Choose drive course huge trade grow threat test.",Technical,Medium,Web Form,01-09-2025,34,Elena Rodriguez,5,"API Error 500 - Unit Hi Support, The application crashes every time I open the settings tab. Choose drive course huge trade grow threat test.",tech.io,Enterprise,High,0,,0,0,0.17286894
TKT-102703,Alexis Wilson,sean33@example.com,Demo request - Others,"Hi Support, Where is your headquarters located? Have significant raise week serve security.",General Inquiry,Low,Web Form,13-03-2025,17,David Kim,4,"Demo request - Others Hi Support, Where is your headquarters located? Have significant raise week serve security.",example.com,Standard,Medium,0,,0,0,0.10036467
TKT-102712,Regina Gomez,pnelson@example.net,App crashing - Discussion,"Hi Support, The dashboard is not loading any data, just a spinning wheel. Nice shoulder receive create market quickly.",Technical,Medium,Email,07-01-2025,11,Anya Sharma,5,"App crashing - Discussion Hi Support, The dashboard is not loading any data, just a spinning wheel. Nice shoulder receive create market quickly.",example.net,Standard,High,0,,0,0,0.039558016
TKT-102714,Mark Smith,Hector.Kelly@tech.io,Office location - Stay,"Hi Support, What are your support operating hours? Employee position on edge detail.",General Inquiry,High,Chat,23-09-2025,5,David Kim,3,"Office location - Stay Hi Support, What are your support operating hours? Employee position on edge detail.",tech.io,Enterprise,Medium,0,,0,0,0.04026845
TKT-102730,Tina Rodriguez,Michelle.Hall@company.com,Change email - Pass,"Hi Support, My profile picture is not updating. Part still generation attorney return hospital group.",Account,Low,Web Form,26-09-2024,47,Elena Rodriguez,4,"Change email - Pass Hi Support, My profile picture is not updating. Part still generation attorney return hospital group.",company.com,Enterprise,Medium,0,,0,0,0.06194321
TKT-102740,Jennifer Garcia,donald42@example.net,Login failed - Real,"Hi Support, I cannot log into my account even after resetting the password. After perhaps us cold may.",Technical,Medium,Web Form,22-01-2025,65,Elena Rodriguez,5,"Login failed - Real Hi Support, I cannot log into my account even after resetting the password. After perhaps us cold may.",example.net,Standard,High,0,,0,0,0.16083303
TKT-102743,Samuel Brown,bryandiaz@example.net,Profile update - Feel,"Hi Support, How do I upgrade to the Enterprise plan? Sense need describe concern later general national keep.",Account,Medium,Email,02-12-2025,27,Chloe Adams,5,"Profile update - Feel Hi Support, How do I upgrade to the Enterprise plan? Sense need describe concern later general national keep.",example.net,Standard,Low,0,,0,0,0.16615178
TKT-102748,Andrew Stewart,Richard.Lyons@enterprise.org,Office location - List,"Hi Support, How does the team pricing tier work? Big capital interest serious to position.",General Inquiry,Medium,Email,18-10-2025,12,David Kim,5,"Office location - List Hi Support, How does the team pricing tier work? Big capital interest serious to position.",enterprise.org,Enterprise,Medium,0,,0,0,0.034631543
TKT-102754,Catherine Evans,murphydanny@example.com,Suspicious charge - With,"Hi Support, I have been trying to update my payment method but it keeps failing. Point defense officer ago.",Billing,Low,Web Form,19-06-2025,36,Chloe Adams,5,"Suspicious charge - With Hi Support, I have been trying to update my payment method but it keeps failing. Point defense officer ago.",example.com,Standard,Medium,1,Hidden Crisis,1,1,0.9651055
TKT-102766,Melissa Miller,nancycollier@example.org,Feature request - Respond,"Hi Support, I would like to request a demo for my team. Some water may.",General Inquiry,Low,Email,25-02-2024,64,David Kim,4,"Feature request - Respond Hi Support, I would like to request a demo for my team. Some water may.",example.org,Standard,Medium,0,,0,0,0.20137882
TKT-102777,Robert Hall,sbenson@example.com,Suspicious charge - Candidate,"Hi Support, Can you send me the invoice for transaction #99283? Plant compare despite road movement treatment together.",Billing,Medium,Email,28-05-2024,82,Ben Carter,5,"Suspicious charge - Candidate Hi Support, Can you send me the invoice for transaction #99283? Plant compare despite road movement treatment together.",example.com,Standard,High,0,,0,0,0.025444658
TKT-102783,Justin Smith,melissa46@example.net,Update credit card - Very,"Hi Support, I noticed a double charge on my statement for last month. Character image author development.",Billing,Low,Email,31-05-2024,2,Elena Rodriguez,3,"Update credit card - Very Hi Support, I noticed a double charge on my statement for last month. Character image author development.",example.net,Standard,Medium,0,,0,1,0.7958295
TKT-102797,Bonnie Reynolds,Jennifer.Macdonald@tech.io,Data not syncing - Energy,"Hi Support, We are receiving a 500 Internal Server Error on the API endpoint. Term every consumer education tell.",Technical,Critical,Email,23-07-2025,3,Anya Sharma,5,"Data not syncing - Energy Hi Support, We are receiving a 500 Internal Server Error on the API endpoint. Term every consumer education tell.",tech.io,Enterprise,Medium,1,False Alarm,-2,0,0.58416826
TKT-102805,Cassie Sanders,patricia34@example.org,Invoice discrepancy - Personal,"Hi Support, I requested a refund 5 days ago, where is it? Stage article avoid owner central activity section.",Billing,Low,Email,16-11-2024,12,Anya Sharma,5,"Invoice discrepancy - Personal Hi Support, I requested a refund 5 days ago, where is it? Stage article avoid owner central activity section.",example.org,Standard,Medium,1,Hidden Crisis,1,1,0.917661
TKT-102814,Katherine Pennington,timjones@example.com,Charged twice - Who,"Hi Support, I have been trying to update my payment method but it keeps failing. Free read under risk care game fall executive.",Billing,Low,Chat,01-11-2025,113,Ben Carter,1,"Charged twice - Who Hi Support, I have been trying to update my payment method but it keeps failing. Free read under risk care game fall executive.",example.com,Standard,High,1,Hidden Crisis,2,1,0.9856974
TKT-102830,Willie Wilson,johnsonjulie@example.com,API Error 500 - Since,"Hi Support, The application crashes every time I open the settings tab. Over director partner study prevent pull consumer opportunity.",Technical,Medium,Chat,18-10-2024,13,Anya Sharma,4,"API Error 500 - Since Hi Support, The application crashes every time I open the settings tab. Over director partner study prevent pull consumer opportunity.",example.com,Standard,High,0,,0,0,0.116775274
TKT-102848,Keith Brown,stacey98@example.net,2FA issues - Most,"Hi Support, How do I upgrade to the Enterprise plan? Part realize become four remember order.",Account,High,Chat,15-04-2025,32,Ben Carter,3,"2FA issues - Most Hi Support, How do I upgrade to the Enterprise plan? Part realize become four remember order.",example.net,Standard,Low,1,False Alarm,-2,0,0.15278697
TKT-102930,Michael Brown Jr.,dianakelly@example.net,Suspicious charge - Development,"Hi Support, Can you send me the invoice for transaction #99283? Message go conference scene particularly.",Billing,Medium,Email,15-08-2024,77,Anya Sharma,2,"Suspicious charge - Development Hi Support, Can you send me the invoice for transaction #99283? Message go conference scene particularly.",example.net,Standard,High,0,,0,0,0.021489283
TKT-102932,Meghan Wong,Samantha.Thomas@tech.io,App crashing - Year,"Hi Support, The application crashes every time I open the settings tab. Dark value movie future.",Technical,Medium,Web Form,16-01-2025,62,David Kim,5,"App crashing - Year Hi Support, The application crashes every time I open the settings tab. Dark value movie future.",tech.io,Enterprise,High,0,,0,0,0.2539187
TKT-102946,Nicholas Gray,silvajulie@example.org,Refund status - Decision,"Hi Support, I requested a refund 5 days ago, where is it? Sure us second throughout institution establish yeah.",Billing,High,Web Form,09-10-2025,70,Anya Sharma,4,"Refund status - Decision Hi Support, I requested a refund 5 days ago, where is it? Sure us second throughout institution establish yeah.",example.org,Standard,High,0,,0,0,0.09827647
